turpis@Sedeueros.ca,575712591,Sawyer Chapman,Sem Vitae PC,Advertising,"P.O. Box 426, 210 Amet, Road",305-15-0133,2001年07月27日
gravida@ipsumprimis.edu,609036207,Ivan Wells,Malesuada Ltd,Media Relations,"P.O. Box 398, 1789 Nec, Ave",843-65-0529,1999年01月13日
dui.in@auctor.net,230844284,Tyrone Horton,Eu Consulting,Customer Service,206-3208 Vel Road,416-17-0891,2009年11月20日
orci.consectetuer@lobortisnisinibh.com,977184589,Ezekiel Morrow,Fusce Fermentum Institute,Customer Service,997-5692 Vel Rd.,528-44-0003,2005年05月16日
arcu.eu.odio@liberoDonecconsectetuer.edu,932083108,Lara Tyler,Cras Institute,Legal Department,"Ap #804-657 A, Av.",634-21-0190,1997年08月08日
Cras@atauctorullamcorper.com,051187367,Macy Williams,Risus LLC,Customer Service,"146-6651 Elit, Rd.",447-66-0476,1999年03月04日
nec.tellus@consequat.ca,443295688,Vivien Campos,Consequat Company,Tech Support,"452-4453 Orci, St.",776-80-0344,2015年07月18日
Nunc.pulvinar.arcu@rhoncusid.com,609188172,Courtney Bullock,Sagittis Augue Inc.,Asset Management,4312 A Rd.,464-89-0673,2002年04月28日
eros@liberoProin.ca,511839912,Chadwick Burgess,Montes Institute,Finances,4340 Ridiculus Avenue,433-50-0780,2020年06月22日
dictum.eleifend.nunc@dignissimlacusAliquam.co.uk,543658827,Donovan Walker,Nec Metus Institute,Accounting,431-8095 Morbi Rd.,146-99-0290,2007年08月17日
ac.facilisis.facilisis@sit.edu,067794123,Micah Collier,Integer Foundation,Sales and Marketing,449-3399 In Ave,151-98-0306,2004年04月16日
pede@eteuismodet.com,206590978,Chiquita Cardenas,Nulla Tempor Augue LLP,Legal Department,Ap #638-6779 Ac Street,837-98-0729,2010年10月07日
ac.urna@a.org,051793198,Lee William,Quam Pellentesque LLC,Public Relations,894-4077 Nunc. Rd.,614-01-0444,2017年03月20日
eu.dolor.egestas@pretiumneque.net,783516453,Chancellor Ayala,Interdum Curabitur Dictum Consulting,Customer Relations,7210 Litora Street,885-15-0336,2011年12月11日
magna.Cras@quamquisdiam.co.uk,728368721,Shelley Price,Enim Ltd,Finances,356-5095 Quisque Rd.,096-99-0526,2020年01月30日
lacus@eu.ca,735367674,Alfonso Snow,At Corp.,Payroll,Ap #720-2662 Consectetuer Av.,305-30-0979,2006年10月03日
mollis.Phasellus.libero@lacinia.co.uk,637987652,Miranda Moran,Imperdiet Ullamcorper Duis Corporation,Tech Support,Ap #727-3492 Vestibulum Rd.,313-75-0820,2016年04月26日
ipsum.Suspendisse.sagittis@quamdignissim.net,455632935,Blair Barrera,Sed Consequat Auctor LLP,Human Resources,"P.O. Box 337, 1955 Nunc Street",417-86-0239,2003年11月10日
fringilla.Donec@quisarcuvel.co.uk,394976872,Finn Winters,Proin Vel Limited,Legal Department,"P.O. Box 478, 8468 Suspendisse Av.",372-61-0443,2008年11月30日
varius.et@diamnunc.co.uk,372482554,Linda Lawrence,Sapien Cras Dolor Ltd,Public Relations,1147 Nonummy Rd.,500-65-0756,1997年12月04日
Curabitur.ut.odio@tristiquepharetraQuisque.com,574898201,Amir Hensley,Vel Consulting,Legal Department,"7622 Est, Road",140-66-0649,2003年03月23日
accumsan@metusvitae.org,018300053,Tamekah Sanford,Fusce Mi Lorem Limited,Accounting,7456 Orci St.,601-55-0369,2007年10月09日
gravida.non@consequatauctor.edu,910238005,Damian Carrillo,Aliquam Incorporated,Payroll,1547 Suspendisse St.,716-84-0955,2007年05月24日
varius.orci.in@facilisisnonbibendum.net,940757057,Uriel Hale,Rutrum Urna LLC,Payroll,"9036 Lobortis, Av.",778-14-0846,2006年10月11日
nibh.lacinia@amet.ca,346884745,Demetrius Boyer,Nunc Foundation,Media Relations,"P.O. Box 371, 1119 Maecenas Rd.",275-67-0407,2004年11月20日
enim.Etiam@ipsumsodalespurus.net,282125574,Keaton Le,Egestas Incorporated,Sales and Marketing,Ap #272-5414 Est Road,203-05-0284,2004年06月09日
Cras.convallis@Duissit.edu,656240306,Ross Joseph,Suspendisse Commodo Corporation,Customer Service,621-1177 Consequat Avenue,155-51-0850,2004年01月24日
lacinia.at.iaculis@Sed.ca,107646184,Jolie Weeks,Mauris Elit Dictum LLC,Payroll,2236 Ridiculus Rd.,709-99-0328,1999年11月06日
aliquet.sem.ut@nuncinterdumfeugiat.com,280549668,Emery Chang,Placerat Consulting,Customer Service,"2110 Imperdiet, St.",343-98-0118,2003年01月10日
eros@nislMaecenas.com,038609350,Lucy Beach,Lorem Ac Risus Institute,Accounting,"739-1267 Eu, St.",054-62-0476,2018年04月08日
nisl.sem.consequat@ametconsectetueradipiscing.co.uk,275290948,Zena Butler,Nec Mauris Foundation,Media Relations,"P.O. Box 927, 6476 Mauris St.",744-61-0412,2010年07月21日
euismod.est@adipiscing.co.uk,372733477,Demetrius Orr,Augue Eu LLC,Media Relations,1152 Rhoncus. Road,528-40-0699,2012年08月26日
nisi.Cum@etrutrum.co.uk,948734009,Castor Parrish,Mattis Associates,Public Relations,7623 Ac Road,123-73-0813,1999年03月28日
vitae.erat@nislNulla.org,011778537,Chava Allen,Massa Institute,Payroll,615 Sem Rd.,382-89-0190,1997年02月13日
pharetra.Nam.ac@pedeCras.ca,726441850,Blair Rodgers,Semper Egestas Corporation,Sales and Marketing,"3487 Elit, Street",880-75-0590,2019年05月30日
eu.nulla@Nullamut.edu,661831651,Brooke Zimmerman,Vulputate Institute,Human Resources,"P.O. Box 275, 7478 Nullam St.",375-86-0619,2013年09月23日
sociis.natoque.penatibus@ipsumdolor.edu,840029573,Gage Cohen,Libero Proin Limited,Finances,710 A Rd.,408-89-0045,2013年04月25日
ac@egetvariusultrices.net,950170852,Jason Clark,Magna Nec Corporation,Advertising,"P.O. Box 763, 3884 Volutpat Avenue",513-30-0655,2005年01月19日
Lorem@aliquam.co.uk,316958164,Emery Holmes,Elementum At Egestas Consulting,Advertising,"Ap #441-1432 Luctus, Av.",049-39-0621,2004年06月21日
Suspendisse@Maecenas.co.uk,362902694,Colby Adkins,Libero At Auctor Ltd,Human Resources,7076 Vitae Ave,619-86-0583,1999年09月07日
sed@Donecest.org,641122262,Clementine Mills,Fusce Limited,Customer Service,6967 A Rd.,728-38-0620,2019年01月09日
nisi@auctorvelit.com,733336895,Ulla Mendez,Eleifend Nec PC,Media Relations,"Ap #118-3257 Aliquet, Avenue",152-14-0418,2001年05月06日
egestas.ligula.Nullam@nascetur.com,774233779,Dolan Hill,Lorem Foundation,Legal Department,"P.O. Box 697, 7412 Commodo St.",273-48-0552,1998年01月26日
fringilla.purus@ipsumSuspendissenon.edu,173745506,Ulysses Mcclain,Curabitur Massa Vestibulum PC,Quality Assurance,Ap #511-9643 Nascetur Rd.,388-73-0932,1996年08月14日
fermentum@nasceturridiculus.com,957237241,Quynn Roth,Placerat Consulting,Customer Relations,"P.O. Box 274, 919 In, St.",391-07-0529,2020年07月12日
mauris@velitPellentesqueultricies.co.uk,120811021,Quincy Munoz,Erat Nonummy Ultricies Corporation,Media Relations,608 Imperdiet Av.,331-17-0367,2002年11月30日
lorem@metusVivamuseuismod.co.uk,812404820,MacKensie Estrada,Aenean Egestas Hendrerit Corporation,Finances,"P.O. Box 766, 899 Nec, St.",371-18-0250,2011年12月06日
orci.quis@egestashendrerit.ca,924670870,Forrest Wiggins,Tempor Erat Neque Inc.,Public Relations,516-5648 Aliquet. Avenue,654-71-0190,2002年09月02日
Donec.tempor.est@urnaUttincidunt.org,838528024,Rosalyn Young,Ultrices Iaculis Odio Inc.,Tech Support,"P.O. Box 573, 9002 Lorem, Av.",257-01-0628,2018年03月20日
dui.Fusce@loremauctorquis.net,498216407,Jade Hebert,Risus Donec Egestas Corp.,Media Relations,691-3352 Nec Av.,370-54-0135,2001年07月06日
pretium@necorciDonec.com,765352083,Leandra Ingram,Integer Industries,Finances,Ap #638-5489 Eget St.,027-52-0233,1998年07月19日
sagittis@elementumpurusaccumsan.com,327124889,Linda David,Nunc Sollicitudin LLP,Tech Support,Ap #191-7586 Lorem Street,708-78-0604,2003年08月24日
Curabitur@aliquameros.ca,274978121,Alfonso Hull,Vitae Industries,Public Relations,726-8293 Eu Av.,447-15-0613,2004年12月13日
nunc.ac.mattis@etpede.ca,780187027,Jerry Merrill,Molestie Ltd,Customer Relations,Ap #214-7376 Adipiscing Street,288-96-0933,2004年02月27日
risus@non.org,422210716,Lars Bonner,Curae LLC,Customer Service,198-8867 Fermentum Street,336-69-0832,2009年02月08日
tristique.pellentesque.tellus@aaliquet.edu,208260075,Ezra Santos,Cursus Et LLP,Customer Service,2431 Lectus St.,164-56-0226,2000年12月03日
Quisque.nonummy.ipsum@dignissimMaecenasornare.com,617699251,Maggie Riley,Sit Amet Corporation,Research and Development,1177 Curae Avenue,323-22-0817,2018年09月09日
non.sapien.molestie@leoMorbineque.ca,590517074,Hollee Simpson,Mi Lacinia Mattis LLP,Customer Service,7177 Cursus Avenue,848-23-0998,2018年10月13日
Mauris.magna@rhoncusDonec.ca,054597158,Dean Jarvis,Nunc Foundation,Customer Relations,"121-1371 Ac, Ave",583-58-0395,2016年03月19日
metus@nisiCum.ca,630877280,Kim Mccarty,Luctus Felis Foundation,Tech Support,"Ap #716-8445 Orci, Rd.",336-39-0234,2015年02月09日
nulla.at.sem@venenatis.co.uk,694834714,Byron Jarvis,Fames Ac Turpis PC,Customer Service,Ap #366-7643 Aliquam St.,475-68-0277,2018年10月17日
pharetra@Crasvulputatevelit.org,058241407,Jenna Peck,Quis Lectus Nullam Corp.,Customer Service,6426 In Road,563-16-0649,1998年07月12日
nulla.ante.iaculis@ornare.ca,230184871,Rhiannon Dickson,Eu Accumsan Sed Institute,Sales and Marketing,Ap #992-1588 Nec Rd.,669-76-0308,2004年10月28日
ut@feugiatnon.org,663633006,Gemma Knapp,Sagittis Corporation,Accounting,Ap #946-8743 Turpis Ave,744-46-0839,2002年01月06日
nunc.In@ut.ca,646582346,Scott Wilkerson,Urna Convallis Corp.,Research and Development,354-3178 Sapien. Street,803-62-0416,2003年04月02日
euismod@atiaculisquis.org,073443509,Colorado Faulkner,Dapibus Gravida Consulting,Legal Department,Ap #974-7359 Felis Rd.,147-16-0650,2019年04月28日
Sed.id.risus@Integer.ca,002467041,Macy Shepherd,Risus At Fringilla Corporation,Quality Assurance,Ap #617-1070 Integer Rd.,602-53-0288,2005年08月11日
lorem.semper.auctor@euismod.net,372929695,Ava Schwartz,Velit Dui Corporation,Human Resources,1800 Conubia St.,699-73-0099,2017年02月02日
Ut.nec.urna@malesuadavelconvallis.edu,080973019,Paloma Cooper,Purus LLP,Media Relations,570-2754 Placerat. Avenue,858-12-0548,2015年04月13日
Duis@lacinia.edu,760370601,Brandon Cross,Aliquet Magna A Consulting,Media Relations,"P.O. Box 963, 7727 Sed Road",315-39-0341,1996年05月25日
Fusce.fermentum@duiinsodales.ca,597930833,Theodore Holcomb,Donec Foundation,Media Relations,4069 Elit. Road,627-45-0611,2012年06月19日
ut.erat@iaculis.org,923540736,Kermit Stanley,A Purus Inc.,Legal Department,"P.O. Box 393, 5391 Convallis Road",191-47-0259,1996年08月31日
amet.lorem@acmattis.com,873526982,Jamal West,Nulla Integer Urna Incorporated,Public Relations,303-3753 Enim Street,452-93-0555,2014年01月03日
Aenean@Duis.edu,821707239,Paul Glenn,Donec Non Company,Asset Management,Ap #404-4773 Urna Av.,714-89-0888,2001年02月09日
malesuada@luctusetultrices.ca,207073099,Lavinia Haney,Natoque Foundation,Human Resources,"P.O. Box 416, 1050 Dui Rd.",119-76-0235,2000年02月21日
Cum.sociis.natoque@odiosagittissemper.com,062069679,Bo Shepard,Nonummy Ac Feugiat Foundation,Tech Support,598-8690 Nullam Rd.,591-12-0192,2018年05月02日
non@Nunccommodo.com,320124894,Maryam Mcpherson,Eu Industries,Finances,"932-2702 Magna, Av.",840-85-0644,1995年12月02日
Donec@convallisincursus.co.uk,920868445,Warren Lynch,Molestie Tortor Nibh LLC,Accounting,"P.O. Box 315, 9516 Lectus Rd.",082-90-0489,2001年03月30日
at.pede.Cras@Suspendissealiquetmolestie.net,109084350,Micah Navarro,Rutrum Non Incorporated,Customer Relations,"P.O. Box 357, 5382 Vestibulum, Rd.",593-93-0916,2010年08月26日
mauris@Praesent.com,431062470,Omar Armstrong,Morbi Incorporated,Legal Department,133-282 Tempus Ave,885-82-0943,1998年07月01日
consectetuer.mauris.id@utlacus.ca,033792888,Madeline Justice,Ullamcorper Nisl Arcu Ltd,Advertising,"Ap #210-2876 Vitae, St.",243-89-0268,2001年09月06日
Duis@turpis.edu,689682367,Jared Peters,At Augue Id Company,Accounting,767-9561 Dolor. Rd.,383-67-0139,1997年06月04日
risus.Quisque@dolorvitaedolor.ca,394921159,Kennan Hooper,Ante Nunc Mauris Company,Human Resources,330-6575 Ornare Av.,280-84-0790,2000年05月14日
tempus.lorem@bibendum.net,568418339,Harriet Baird,Mattis Cras Eget Industries,Payroll,788-8686 Orci Street,667-29-0289,2013年10月27日
auctor.non@venenatislacus.co.uk,711439646,TaShya Mclaughlin,Lobortis Ultrices Industries,Human Resources,Ap #367-678 Consequat Road,531-28-0278,2011年01月28日
est@tempus.net,631594694,Jakeem Gross,Ornare Consulting,Quality Assurance,5906 Libero. Avenue,600-13-0341,2018年05月08日
eget.mollis.lectus@enimCurabitur.edu,748105426,Savannah Nguyen,At Auctor Ullamcorper Company,Customer Relations,3371 Interdum Av.,039-94-0109,1998年12月15日
magna@enim.com,418430161,Uriah Gould,Mattis Semper PC,Asset Management,"Ap #835-7692 At, Road",736-07-0715,2002年07月17日
quam.dignissim.pharetra@nuncrisusvarius.ca,206912198,Orli Roth,Blandit Mattis LLC,Asset Management,723-8570 Donec Av.,620-53-0144,2005年02月05日
eros.Nam.consequat@idantedictum.org,649075546,Breanna Koch,Sed Eu Eros Industries,Human Resources,Ap #673-3110 Urna Rd.,822-49-0219,2006年08月07日
ut.sem@necenimNunc.edu,455116723,Rafael Graves,Turpis Corporation,Advertising,8325 Phasellus Road,411-21-0489,2017年02月26日
sem@bibendumsed.ca,876959073,Logan Shepherd,Felis Ullamcorper Associates,Advertising,"P.O. Box 799, 189 Risus. Road",884-09-0706,2010年02月18日
Nullam.scelerisque.neque@ut.net,945771368,Colleen Levine,Enim Incorporated,Asset Management,Ap #559-5310 Vitae Rd.,222-39-0955,2004年01月02日
ullamcorper@egestasAliquamnec.com,682481106,Sydnee Curry,Id Enim Incorporated,Quality Assurance,9032 Scelerisque Avenue,414-56-0200,2000年02月21日
turpis.vitae.purus@loremvitae.ca,439128653,Fallon Stephens,Eu Nibh Limited,Public Relations,"388-6854 Lorem, St.",154-33-0897,2019年07月15日
Morbi.vehicula.Pellentesque@quis.co.uk,804057537,Tanya Sandoval,Consectetuer Mauris LLP,Human Resources,943-9449 Sed Street,834-68-0190,1997年07月02日
ornare.lectus@mattis.co.uk,857432173,Xyla Berger,Sed Orci Inc.,Human Resources,914-7337 Urna. Ave,612-75-0037,1999年03月31日
orci.adipiscing.non@egestasurna.net,668957103,Wilma Larson,Integer Incorporated,Advertising,"P.O. Box 606, 8203 Suspendisse St.",409-13-0291,2017年05月27日
lacus@velit.net,514290311,Maile Odom,Tellus LLP,Tech Support,"P.O. Box 790, 6503 Et, Rd.",440-68-0606,1997年02月11日
ligula.elit.pretium@pede.co.uk,911382679,Sade Strickland,Arcu Ac Limited,Human Resources,"869-2438 Facilisis, Road",219-45-0327,2003年03月06日
Integer.aliquam.adipiscing@urnaUttincidunt.com,715786448,Phillip Branch,Iaculis Corporation,Customer Service,7804 Fusce Av.,248-81-0693,2020年10月26日
Nulla.interdum@scelerisque.ca,258110121,Emma Frederick,Molestie Tellus Industries,Customer Relations,375-478 Sagittis Rd.,613-54-0193,2009年10月04日
imperdiet@accumsansed.edu,936093129,Duncan Farmer,Lacinia LLC,Customer Relations,Ap #187-354 Vel Rd.,243-40-0690,2002年10月12日
auctor@torquentper.com,534851985,Melanie Franco,Nulla In PC,Legal Department,"1313 Ut, Ave",400-73-0350,2008年06月21日
Donec@risus.com,601406655,Clayton Salazar,Sem Semper Limited,Advertising,6200 Est Av.,163-86-0116,2013年06月20日
pellentesque.Sed@enimgravida.org,740866116,Joel Orr,Sed Incorporated,Payroll,525-7619 Quisque Ave,026-58-0496,2011年01月19日
Curabitur@Nulla.ca,961726551,Barrett Kelly,Vehicula Aliquet Institute,Quality Assurance,"Ap #726-6670 Imperdiet, Avenue",608-28-0216,2003年03月17日
tincidunt.aliquam@non.edu,579020843,Grady Ray,Mollis Non Institute,Research and Development,Ap #813-9722 Nisl. St.,899-49-0258,2003年07月25日
malesuada.vel@Fuscemi.net,449481423,Cruz Holman,Lobortis Ultrices Vivamus Inc.,Research and Development,3469 Ultrices Road,348-13-0084,1999年09月07日
sodales@Incondimentum.ca,391874526,Abraham Travis,Sed Corp.,Tech Support,Ap #416-5337 Eget Rd.,317-74-0662,2019年06月14日
orci.adipiscing.non@duinecurna.edu,148324122,Grace Maldonado,Eget Metus Eu Limited,Finances,728 Consequat Road,340-62-0650,2008年07月31日
magnis@non.org,590686713,Chiquita Watkins,Est Ac Facilisis Associates,Human Resources,402-5230 Magna. Road,446-59-0860,2016年02月04日
purus@vitaepurusgravida.ca,023274988,Alea Jefferson,Cras Eu Industries,Customer Service,"P.O. Box 795, 7754 Pellentesque Rd.",021-35-0264,2009年07月06日
elit.Aliquam@dictum.org,546652637,Neve Roy,Quisque Company,Finances,5779 Quis Rd.,742-02-0728,2012年10月02日
nec.cursus.a@luctussit.ca,796868701,Aiko Barlow,Velit Sed Limited,Asset Management,2523 Lectus Street,725-78-0701,2008年04月10日
libero.Proin.sed@consectetuercursuset.co.uk,906414446,Cameron Heath,Eu Dolor Egestas Limited,Research and Development,9323 Ipsum Avenue,335-98-0482,1998年07月27日
at@egetvarius.org,006414411,Tate Lopez,Vivamus Associates,Customer Service,5617 Amet Road,174-63-0143,1999年01月12日
sem@at.com,538268426,Jolene Mckee,Vulputate Risus LLC,Public Relations,943-728 Malesuada Street,072-04-0672,2012年05月27日
massa.lobortis.ultrices@Suspendissealiquet.edu,905933263,Shad Daugherty,Nec Metus Facilisis Consulting,Research and Development,Ap #289-7508 Dis Av.,722-05-0046,2004年05月31日
est@sollicitudinorci.net,504352899,Clinton Pennington,Ut Incorporated,Asset Management,"P.O. Box 978, 339 A Road",449-48-0355,2001年07月21日
et.rutrum@montesnasceturridiculus.net,179272000,May Roach,Sit Amet Nulla LLC,Customer Relations,"Ap #144-6853 Non, Av.",486-40-0628,2001年09月05日
vehicula.Pellentesque.tincidunt@Sed.net,142659234,Elton Vincent,Elit Erat Vitae Limited,Sales and Marketing,5575 Semper Rd.,535-35-0994,2003年10月05日
Nunc.mauris.Morbi@Nullam.net,118631290,Harding Hart,Interdum Ligula Eu Foundation,Research and Development,8927 Mattis. Rd.,544-59-0854,2016年03月06日
Lorem.ipsum.dolor@nullaIntegervulputate.edu,211955513,Paul Carroll,Vitae Incorporated,Advertising,"P.O. Box 378, 5618 Adipiscing Street",847-38-0171,2019年02月24日
tincidunt.dui@egetmagna.org,234499804,Xena Stephenson,Gravida Foundation,Public Relations,5116 Neque. Av.,706-54-0114,2005年02月17日
Sed.nec@estNunc.edu,296975618,Emerson Cain,Nunc Associates,Asset Management,4783 Bibendum. Rd.,202-56-0937,2005年05月14日
vel.arcu@id.net,711587089,Zachery Juarez,Nullam Velit Dui Institute,Sales and Marketing,310-1593 Gravida Rd.,384-18-0748,1998年08月04日
magna.a.neque@maurissit.com,617276662,Octavia Kerr,Sem Semper Corporation,Quality Assurance,"P.O. Box 552, 6072 Nulla Ave",453-45-0323,2011年12月02日
non.justo.Proin@ipsumPhasellus.ca,861178309,Yoshio Webb,Urna Et Arcu PC,Human Resources,917-6872 Pretium Rd.,103-64-0843,2013年09月21日
euismod@non.org,017204074,Keiko Snyder,Iaculis Quis PC,Research and Development,"5872 Elit, St.",412-45-0072,2007年01月12日
egestas.ligula.Nullam@a.net,414376418,Chava Barnett,Facilisis Magna Tellus Ltd,Media Relations,Ap #539-4043 Arcu Av.,305-19-0491,1997年09月04日
vitae@laoreet.net,520724196,Slade Kerr,Ornare Lectus Ante LLP,Research and Development,923-460 Cras Road,767-40-0040,2020年03月01日
dolor@Curabitur.net,821236866,Hiram Mcgowan,Metus Aliquam Erat Company,Public Relations,884-4695 Egestas. St.,300-60-0351,2005年02月19日
at.sem@non.net,846066033,Aiko Vincent,Duis Corp.,Tech Support,Ap #348-4080 Quis St.,418-78-0913,2019年12月29日
consectetuer.adipiscing@accumsanlaoreetipsum.com,318570975,Colin Robbins,Ligula Elit Pretium Limited,Asset Management,"P.O. Box 682, 4335 Suspendisse Road",178-82-0730,2018年04月28日
laoreet.posuere.enim@tellus.edu,307709162,Selma Berger,Imperdiet Nec Leo Institute,Media Relations,"P.O. Box 994, 5500 Dolor Av.",110-33-0505,1996年04月07日
pellentesque.eget@massa.net,786063867,Skyler Curtis,Laoreet Libero Et Industries,Tech Support,6435 Vitae Avenue,403-36-0173,2017年01月29日
et.arcu.imperdiet@sodales.ca,567913264,Otto Huffman,Nascetur Ridiculus Mus Ltd,Finances,"P.O. Box 930, 1607 Nec Rd.",473-03-0722,1999年08月15日
augue.eu@semmagnanec.net,397161035,Tashya May,A Magna PC,Tech Support,Ap #937-5177 Ad St.,820-02-0717,1999年10月23日
natoque.penatibus.et@lacinia.edu,979674132,Desiree Mccormick,Pellentesque Sed Dictum Ltd,Research and Development,"P.O. Box 707, 8742 Mi St.",167-47-0688,2018年01月04日
arcu.iaculis.enim@amet.ca,918621038,Ora Chaney,Non Ante Bibendum Corporation,Media Relations,587-2526 Ultricies Rd.,747-19-0740,2007年12月03日
Aliquam.adipiscing@orcitincidunt.org,981753502,Phelan Hansen,Et Rutrum LLP,Asset Management,9426 Ac Rd.,819-24-0835,2019年06月30日
Fusce.mi.lorem@PhasellusornareFusce.com,119973402,Chava Miranda,Tellus Non Institute,Human Resources,9732 Dolor Street,641-82-0451,2004年03月02日
eu@milacinia.org,408019446,Castor French,Mollis Duis Corp.,Tech Support,321-635 Vivamus Street,107-16-0329,2013年06月30日
aliquet@Nam.co.uk,354232126,Coby Garner,Vulputate Mauris Incorporated,Asset Management,Ap #102-2732 Nulla Road,488-05-0750,2016年06月17日
sem.vitae.aliquam@convalliserateget.net,415178409,Minerva Middleton,Elit Consulting,Research and Development,5189 Mauris. Av.,362-81-0870,2018年12月15日
velit.Pellentesque.ultricies@ultricesiaculisodio.edu,731291977,Larissa Christian,Dui Semper Corporation,Human Resources,Ap #274-5695 Vivamus Rd.,539-30-0732,2001年11月09日
nibh@primis.org,735936973,Abel Richardson,Magna Sed LLC,Media Relations,549-2641 Neque. Rd.,381-24-0221,2007年12月26日
mauris@venenatisvel.ca,222615361,Marsden Gill,Suspendisse Eleifend Cras Industries,Research and Development,6973 Amet Street,826-91-0764,1999年10月03日
Duis.risus.odio@ipsumdolorsit.org,146627179,Conan Snow,Malesuada Vel Foundation,Advertising,"P.O. Box 671, 8404 Integer Rd.",626-04-0137,2002年03月09日
facilisis@Morbi.org,042114512,Michelle Reid,Mi Consulting,Customer Relations,"P.O. Box 332, 6070 Nullam Street",227-72-0427,2019年05月09日
mauris.a.nunc@fermentumconvallis.ca,740549480,Keegan Head,Amet Limited,Finances,"P.O. Box 992, 7827 Vitae, Av.",610-95-0406,2003年06月25日
varius@sitamet.ca,509423745,Oliver Cook,Quis Diam PC,Finances,7206 Vivamus Rd.,480-63-0578,2011年08月19日
fringilla.porttitor@magnis.net,941493272,Hilary Barnett,Libero Proin Sed LLP,Sales and Marketing,"P.O. Box 127, 8076 Lorem St.",099-44-0744,2004年09月09日
sit@lectusCumsociis.org,649352044,Christian Boyle,Morbi Quis LLP,Accounting,Ap #240-849 Velit St.,274-51-0175,1996年08月13日
cubilia@ornare.com,919022194,Freya Deleon,Quisque Institute,Customer Service,159 Dictum. Street,876-99-0520,2004年03月26日
tempor.augue.ac@ametloremsemper.ca,841395080,Aladdin Rodriquez,Vulputate Lacus Cras LLC,Research and Development,1507 Quisque St.,846-76-0128,1999年12月15日
vitae.posuere.at@metussitamet.edu,667274492,Jada Kirby,Ut Associates,Human Resources,396-9348 Vestibulum Rd.,673-73-0823,2006年06月21日
Donec.nibh.Quisque@consequatenim.org,847139110,Melvin Ingram,Eu Institute,Customer Service,"9573 Mauris, Rd.",530-13-0116,2002年12月01日
a@duinec.org,087864773,Macy Pearson,Pretium Ltd,Sales and Marketing,7342 Mauris St.,771-92-0244,2006年09月09日
vel@quistristiqueac.edu,126544766,Daniel Snyder,Tincidunt Associates,Finances,"P.O. Box 683, 707 A, Rd.",300-02-0332,2009年08月25日
eu.tellus.eu@interdum.ca,960494110,Ivor Diaz,Inceptos Limited,Accounting,179-1797 Cum Road,899-04-0681,2009年10月07日
Phasellus@sedfacilisis.net,949837116,Odessa Palmer,Ut Inc.,Advertising,Ap #960-3924 Eleifend St.,309-16-0411,1999年04月29日
tellus.id.nunc@euaugueporttitor.co.uk,462705161,Cassady Garrett,Nisi Sem PC,Tech Support,713-3493 Nam Ave,002-12-0836,2010年07月12日
mollis.Duis.sit@ridiculusmus.net,548905272,Fulton Kirby,Nulla Eget Metus Corporation,Legal Department,2756 Arcu. Rd.,483-47-0278,1996年10月12日
montes.nascetur.ridiculus@tincidunt.com,493775977,Tyler Curtis,A Tortor Company,Human Resources,"P.O. Box 475, 7954 Montes, St.",169-46-0322,2001年12月10日
ridiculus.mus.Proin@molestiepharetranibh.org,191561422,Levi Perez,Ultrices LLP,Asset Management,Ap #268-1166 Eu St.,298-22-0770,2001年06月25日
Sed@elitpede.org,291362192,Peter Sweeney,Tortor Nibh LLC,Tech Support,"P.O. Box 956, 7285 Adipiscing. Rd.",405-98-0952,1996年02月20日
posuere@Integeraliquamadipiscing.ca,528166051,Jakeem Sharp,Ligula Nullam Ltd,Public Relations,8091 Tellus. Road,361-08-0832,2014年07月01日
pellentesque.Sed.dictum@Donecegestas.com,865210611,Vernon Parks,Phasellus Fermentum Convallis Incorporated,Quality Assurance,5543 Ut Av.,517-22-0664,2011年10月28日
Nunc.laoreet.lectus@diamPellentesque.net,436927453,Carissa Bonner,Ut Molestie Ltd,Asset Management,727-3094 Blandit Rd.,637-06-0310,2011年10月17日
dui.Fusce.diam@eros.net,873031587,Evangeline Roth,Vestibulum Ut Eros Corporation,Tech Support,"P.O. Box 347, 1817 Ornare St.",130-07-0429,2004年03月30日
Vivamus@aliquetmolestie.co.uk,303804934,Walter Howard,Justo Company,Sales and Marketing,764-6686 Elit Ave,245-25-0039,1999年10月31日
mauris.eu@Integersem.com,416350296,Stephen Daniel,Luctus Lobortis Class Ltd,Media Relations,"P.O. Box 217, 5786 Sagittis Street",874-44-0975,2000年09月20日
quis.turpis.vitae@facilisisnonbibendum.org,518313952,Aquila Bonner,Scelerisque Consulting,Advertising,2320 Tristique St.,686-23-0537,2011年06月12日
nibh.Quisque@bibendum.co.uk,688102466,Mannix Walsh,Mollis Dui In LLP,Research and Development,Ap #508-6771 Aliquam St.,821-17-0137,2001年10月20日
dictum.eu.placerat@iderat.com,078833332,Evan Romero,Egestas Fusce Aliquet Corporation,Research and Development,813-5934 Nisl. St.,575-77-0640,2012年01月16日
lacus.Quisque.purus@accumsansed.net,537846487,Yen Cantu,Sodales Elit Institute,Finances,"P.O. Box 503, 8240 Enim Road",861-66-0648,2002年07月11日
erat.volutpat@duiaugue.org,037384302,Hop Gilbert,Imperdiet LLC,Human Resources,556-1741 Nec Avenue,540-08-0768,2010年05月12日
in.aliquet@etpedeNunc.edu,484396304,Barbara Burgess,Nullam Lobortis Associates,Research and Development,222-7772 Sed Av.,672-51-0950,2008年03月06日
montes@facilisismagnatellus.edu,487834822,Alisa Avery,Sem Industries,Research and Development,1884 Urna St.,820-99-0841,1995年12月04日
luctus.vulputate.nisi@nibhvulputate.co.uk,189836885,Echo Hines,Risus At PC,Research and Development,608-5290 In Avenue,006-74-0308,2010年11月26日
orci@lacuspede.org,277679692,Myles Richardson,Nec Ligula Institute,Human Resources,"P.O. Box 523, 4981 Maecenas St.",394-72-0960,2019年02月05日
ullamcorper.Duis.cursus@magnaCrasconvallis.net,443493689,Clare Waller,Dis Parturient Montes Company,Advertising,671 Tortor. Street,558-83-0364,2017年07月27日
vitae.diam.Proin@Pellentesque.net,155815681,Michelle Avila,Donec Non Company,Tech Support,"P.O. Box 312, 1868 Arcu St.",422-36-0719,2001年02月20日
rhoncus@ipsumdolor.co.uk,236603890,Whilemina Parsons,Risus LLP,Research and Development,343-550 Magna. Rd.,487-73-0948,2008年05月28日
Mauris.molestie.pharetra@et.ca,935938472,Kalia Curry,Id Libero Company,Accounting,Ap #133-6025 Tellus. Rd.,153-92-0370,2018年09月12日
adipiscing.enim@leoelementum.com,839014255,Hayes Parks,Ultricies Ligula Nullam LLP,Media Relations,1057 Ipsum Street,829-27-0109,2019年06月20日
fringilla.mi.lacinia@enim.net,526700646,Hakeem Cote,Nascetur Ridiculus Mus Corporation,Sales and Marketing,"P.O. Box 676, 7915 Dolor Rd.",765-53-0470,2000年09月24日
odio.Phasellus.at@nullavulputate.ca,672717436,Blossom Swanson,Lobortis Industries,Research and Development,785 Erat Av.,873-38-0331,2018年06月02日
sit.amet.luctus@tinciduntdui.net,806151411,Adrian England,Iaculis Quis Pede Incorporated,Human Resources,9374 Proin St.,132-07-0685,1997年02月23日
urna.Nullam@aliquetnec.ca,080389224,Prescott Cain,Quisque Purus Ltd,Accounting,"Ap #577-3951 Eu, Rd.",011-45-0250,2000年04月26日
Phasellus@dolor.org,682174610,Melanie Colon,A Auctor Non Limited,Quality Assurance,"P.O. Box 534, 4380 Cum Street",819-10-0021,2014年07月16日
turpis.egestas@Morbinonsapien.com,411267362,Jakeem Norris,Elit Elit LLC,Customer Service,"P.O. Box 455, 2356 Auctor Ave",120-36-0158,1996年11月09日
Quisque.imperdiet@quam.co.uk,574135851,Vernon Clay,Tellus Institute,Customer Relations,Ap #926-2215 Pharetra Av.,613-35-0069,2016年11月06日
Curabitur.consequat.lectus@etnuncQuisque.net,881357172,Ferdinand Mccormick,Sapien LLP,Research and Development,215-6872 Suspendisse St.,274-63-0392,2013年12月30日
magna.Phasellus@incursus.co.uk,122008857,Neve Arnold,Felis Company,Payroll,"184-7698 Nec, Avenue",760-43-0553,1996年06月07日
ligula.Donec@tellussem.ca,989141544,Lacey Anthony,Integer Id Consulting,Legal Department,"P.O. Box 375, 8081 Odio. Ave",471-82-0237,2006年05月31日
imperdiet@nonduinec.org,015385263,Ira Hensley,Dapibus Rutrum Corporation,Customer Service,641-2788 Dolor. St.,727-06-0777,1998年07月19日
vel.pede@feugiat.ca,113627764,Jesse Allen,In Corporation,Research and Development,"P.O. Box 992, 9992 Integer Rd.",293-89-0998,2012年08月17日
quis@nonvestibulum.com,673465316,Lillian Green,A Ultricies Adipiscing Ltd,Public Relations,4910 Donec Ave,753-98-0190,2009年04月16日
risus.Nunc.ac@lacusNulla.net,726854136,Forrest Combs,Erat In Consectetuer Incorporated,Public Relations,2076 Tristique Rd.,192-85-0399,2002年03月31日
dui@risusquisdiam.net,038802252,Cailin Finley,Sagittis Ltd,Sales and Marketing,Ap #774-3777 Feugiat Road,279-91-0950,2000年04月24日
mauris.ut@lectuspede.net,980235378,August Austin,Hendrerit Consectetuer Cursus Institute,Advertising,"2190 Nec, Rd.",265-52-0209,1998年12月02日
dui@Sedpharetrafelis.com,891994402,Erich Gamble,Nam Ac Nulla Industries,Research and Development,8731 Risus. Av.,754-58-0113,2016年09月18日
feugiat.nec@erat.edu,041816828,Maile Kaufman,Penatibus Institute,Research and Development,"Ap #788-7699 Erat, Av.",258-60-0259,2014年09月30日
aliquet@nonummy.ca,311684757,Jerome Palmer,Quisque Fringilla Corporation,Accounting,Ap #615-529 Nisl St.,860-17-0106,2015年12月03日
ligula@Pellentesque.org,378011613,Ivor Garcia,Est Incorporated,Tech Support,Ap #715-6838 Non Rd.,052-78-0179,2015年06月13日
sed@egestasnunc.co.uk,958070419,Brenda Franklin,Tellus Consulting,Public Relations,4868 Odio St.,009-74-0584,1997年09月18日
mattis@Nullam.edu,372692822,Hector Saunders,Suspendisse Aliquet Institute,Public Relations,797-1141 Tellus Av.,389-67-0060,2001年02月03日
est@Maecenasliberoest.org,120188701,Stephen Campos,Scelerisque Mollis LLC,Legal Department,Ap #873-5836 Mauris Av.,648-04-0299,2013年10月04日
nascetur.ridiculus@Nam.com,379805534,Zenia Kelley,Lacus Cras Associates,Customer Service,Ap #495-1916 Curae Street,178-49-0212,1996年12月21日
libero.Morbi.accumsan@pellentesque.org,615627254,Chanda Stanton,At Fringilla Purus LLP,Public Relations,"818-5698 Eget, St.",443-80-0320,1996年11月08日
ligula.Aliquam@magnisdis.org,776477648,Kirestin Garrison,Lacus Varius Et PC,Media Relations,Ap #665-5628 Netus Street,387-46-0986,2006年09月22日
blandit.mattis@fringillaeuismodenim.co.uk,196393490,Holmes Holcomb,Feugiat Non Lobortis Inc.,Accounting,Ap #779-792 Auctor Rd.,759-61-0342,2015年08月19日
Donec.tincidunt@tincidunt.net,337747935,Travis Little,Per Limited,Customer Relations,9647 Sit St.,403-70-0139,2018年02月04日
fermentum.metus@feugiatnec.com,114773740,Kiara Austin,Convallis In Cursus Institute,Customer Relations,617-9720 Elit. St.,485-56-0005,2015年08月11日
pharetra.nibh@sedsapien.ca,074239484,Pandora Key,Euismod Urna Industries,Accounting,Ap #971-4266 Sem Street,628-60-0238,2017年09月17日
urna.convallis.erat@odioNaminterdum.edu,567162391,Conan Berger,Mi Eleifend Egestas Limited,Finances,"P.O. Box 521, 2176 Feugiat St.",696-28-0595,2016年06月27日
vulputate@malesuadaIntegerid.org,516118486,Kirestin Carney,Elit Sed LLC,Tech Support,"P.O. Box 490, 3990 Arcu Av.",864-08-0016,2015年08月08日
purus@massaVestibulumaccumsan.edu,764582359,Sara Fernandez,Hymenaeos Mauris Incorporated,Payroll,Ap #418-1618 Est St.,039-94-0975,2019年08月05日
a.malesuada@nibhQuisque.com,852861616,Jared Bush,Eget Odio Associates,Quality Assurance,"P.O. Box 594, 4370 Eget Road",385-55-0094,1999年08月17日
Mauris.vel.turpis@rhoncusProin.com,521055376,Alfreda Vega,Penatibus Et Corporation,Customer Service,7919 Urna Avenue,603-66-0793,2014年12月16日
vulputate.mauris.sagittis@luctusvulputatenisi.co.uk,634367148,Thomas Dorsey,Massa Suspendisse Eleifend Associates,Legal Department,363-138 Eu St.,226-17-0510,2009年11月13日
mollis.nec@velitjustonec.com,851332007,Carl Oliver,Ipsum Dolor Sit Ltd,Payroll,Ap #748-8280 Rhoncus. Street,175-40-0202,2010年01月09日
sagittis.Nullam@quam.net,513390609,Finn Kaufman,A Company,Media Relations,Ap #785-2760 Quis Ave,834-29-0058,2016年02月07日
ac@adipiscingligula.com,018168260,Hedy Richardson,Neque LLC,Sales and Marketing,127-9299 Dolor St.,429-96-0049,1997年10月09日
in.dolor@Quisque.org,594715237,Alfonso Blair,Gravida Sit Amet Inc.,Tech Support,"2535 Placerat, Street",080-80-0480,1998年11月28日
vulputate.ullamcorper.magna@faucibusMorbivehicula.com,362403073,Cameron Simpson,Est Mauris Inc.,Tech Support,"P.O. Box 622, 2543 Imperdiet Street",261-71-0299,2000年01月03日
Vivamus@vulputate.edu,091266635,Gail Campbell,Phasellus Elit Pede LLP,Asset Management,1105 Nullam St.,167-58-0809,2000年11月27日
vulputate.nisi.sem@felisNulla.net,908246358,Hyatt Osborn,Varius Et Industries,Sales and Marketing,983-2691 Vestibulum Rd.,473-17-0104,2000年05月01日
dui.lectus.rutrum@Naminterdumenim.ca,324964170,Hollee Jarvis,Lectus Consulting,Accounting,120 Tristique Ave,296-99-0425,2011年06月07日
purus.sapien.gravida@orci.co.uk,186720462,Faith Chen,Ac Mattis Velit Corporation,Human Resources,366-2997 Auctor St.,089-87-0310,2004年10月05日
eu.arcu@Duis.net,369611884,Nola Langley,Vel Turpis Limited,Advertising,Ap #259-1595 Fusce Street,187-65-0157,2001年04月24日
Aenean@Quisqueac.co.uk,077321040,Abel Maddox,Molestie Orci Tincidunt Foundation,Public Relations,4366 Magna. Rd.,156-17-0802,2015年11月18日
arcu.eu.odio@ullamcorper.ca,706272515,Jennifer Lane,Non Associates,Customer Relations,3620 Enim. Street,526-57-0715,2006年06月25日
congue.elit.sed@aliquet.ca,842673790,Pamela Hatfield,Congue Foundation,Research and Development,8742 Consequat Street,824-54-0902,2012年04月27日
ut.lacus.Nulla@In.ca,078730777,Bianca Gregory,Adipiscing Elit Associates,Accounting,7466 Nunc Road,592-19-0427,2016年06月27日
placerat.velit.Quisque@turpis.edu,564005759,Ashely Patel,Egestas Nunc Sed Industries,Research and Development,"P.O. Box 282, 4476 Elementum Avenue",349-94-0587,2001年01月25日
urna@tellusimperdiet.org,415803964,Jaden Kennedy,Sem Pellentesque Ut LLP,Advertising,Ap #487-4425 Pretium Street,217-96-0802,2014年08月12日
libero@Aeneanegestas.net,982939175,Chadwick Michael,Cras Institute,Legal Department,"P.O. Box 728, 4663 Magna. Avenue",655-46-0340,2000年10月20日
sed@lacusvarius.ca,245506118,Fay Bishop,Augue Foundation,Sales and Marketing,248-9356 Arcu. St.,795-59-0037,2007年03月01日
Phasellus@Cras.com,395629306,Mona Navarro,Quam Company,Finances,Ap #878-2830 Massa Rd.,803-19-0565,2020年03月05日
est.ac@ut.net,060970795,Bruce Velazquez,At Inc.,Payroll,"P.O. Box 196, 8554 Placerat, Rd.",172-60-0798,2003年08月25日
consequat@Suspendissecommodo.net,196952113,Brenden Buckley,Turpis Nulla Corp.,Asset Management,Ap #240-1796 At Ave,694-56-0703,2010年08月17日
nibh@natoquepenatibuset.net,102448545,Ivana Solomon,Ligula Foundation,Accounting,143-6955 Dis Av.,551-25-0523,2000年11月18日
Praesent.eu.dui@sapienAenean.ca,050926518,Imogene Tyler,Aliquet Metus Incorporated,Tech Support,Ap #660-9202 Et Av.,665-23-0266,2013年05月14日
Nulla.facilisi.Sed@Sed.com,114495617,April Ayala,Pede Nonummy Incorporated,Tech Support,930-1410 Sem Rd.,008-49-0774,2000年07月29日
nisi.Aenean@Praesentluctus.com,483652897,Adrian Bender,Malesuada Consulting,Quality Assurance,Ap #619-153 Integer Avenue,858-23-0337,2007年03月09日
risus.Donec@maurisut.co.uk,746074194,Astra Good,Vitae Mauris Sit LLP,Advertising,"5777 Montes, Avenue",388-19-0150,1998年11月04日
dignissim.magna@nequeIn.edu,051603488,Justine Shepard,Duis Foundation,Sales and Marketing,"1122 Non, Rd.",868-24-0967,2019年06月09日
porttitor.interdum@eros.com,946608023,Carter Ware,Fringilla Donec Feugiat Corporation,Customer Service,8869 Diam. St.,316-77-0885,2007年08月03日
egestas.Duis.ac@ridiculusmusProin.edu,626361513,Mannix Beck,Diam Eu LLC,Asset Management,"P.O. Box 848, 3164 Dui Avenue",017-96-0943,2020年10月02日
eu.accumsan.sed@eleifendnecmalesuada.org,871275640,Amena Cochran,Adipiscing Lacus Ut Limited,Human Resources,3588 Commodo Street,829-94-0733,1998年03月29日
sollicitudin.adipiscing@dictumplacerataugue.net,486580012,Renee Hurley,Neque Vitae Limited,Public Relations,"P.O. Box 335, 7025 Libero St.",896-99-0414,2003年08月06日
ornare.elit.elit@felis.ca,207528290,Hadley Powers,Imperdiet Erat Foundation,Accounting,Ap #698-1040 Vel Road,853-91-0046,2020年03月14日
lorem@amagna.ca,403068349,Farrah Wiggins,Egestas Limited,Sales and Marketing,Ap #936-1608 Sollicitudin Av.,362-18-0310,2011年02月07日
nec.diam.Duis@sitamet.com,555706118,Forrest Strong,Aliquet Lobortis Nisi Limited,Quality Assurance,Ap #253-1523 Ultricies Street,448-95-0031,2020年07月07日
Nunc.laoreet.lectus@euaccumsan.com,821277472,Emerald Brooks,Donec Associates,Asset Management,3388 Integer St.,312-44-0346,2014年11月20日
turpis.Nulla.aliquet@urnaetarcu.org,776894461,Vielka Stark,Sed Hendrerit A LLC,Quality Assurance,Ap #720-102 Donec Av.,156-56-0613,1999年11月15日
pharetra.ut.pharetra@sociisnatoque.ca,185569597,Delilah Christian,Morbi Sit Amet Consulting,Payroll,821-8459 Massa Ave,178-37-0612,2017年06月05日
luctus@nibhDonecest.ca,134614122,Georgia Collier,Vitae Posuere Associates,Customer Service,Ap #644-1318 Risus St.,565-79-0404,2004年12月04日
feugiat.placerat.velit@orciDonec.com,008365710,Aline Baxter,Lobortis LLC,Research and Development,6862 Et Rd.,773-70-0809,2013年04月25日
arcu.Sed@ante.ca,149615262,Katelyn Foreman,Nisi Nibh Lacinia LLC,Human Resources,886-5889 Odio Street,266-66-0215,1996年10月23日
dis.parturient.montes@a.co.uk,718154685,Wynter Swanson,Nibh Dolor Corporation,Public Relations,Ap #376-7453 Nunc St.,824-50-0241,2015年04月20日
eget@Nuncquisarcu.ca,262062763,Alice Rutledge,Eu Ltd,Legal Department,"P.O. Box 500, 7807 Laoreet, Rd.",068-33-0596,2016年08月16日
Sed@Vestibulumanteipsum.com,984925933,Juliet Watts,Quis Ltd,Finances,487-3083 Mauris Road,587-48-0144,1997年11月23日
senectus.et@eleifendnondapibus.net,875944209,Kadeem Reeves,Vulputate Lacus Incorporated,Payroll,6485 Duis Rd.,890-50-0495,1998年12月01日
Nunc@ametrisusDonec.ca,752917898,Adam Hodge,Velit Industries,Public Relations,890-3480 Risus. St.,006-58-0515,2000年12月26日
vulputate@Lorem.co.uk,898750013,Zeus Lowe,Nec Metus Facilisis Inc.,Legal Department,2396 Consectetuer St.,568-12-0909,2017年04月14日
augue.ut@placeratvelitQuisque.net,824677272,Peter Collier,Risus Duis Associates,Public Relations,Ap #965-8583 Ligula. Ave,624-73-0716,2014年03月04日
id.mollis@tellusidnunc.net,076775048,Tanya Swanson,Aenean Consulting,Customer Relations,"P.O. Box 633, 9815 Sit St.",438-97-0536,2001年12月27日
metus.sit@Sedauctor.com,478953813,Upton Barr,Magna A Ltd,Media Relations,"P.O. Box 636, 4505 Nulla St.",828-70-0170,2004年06月30日
ut.sem@Integerid.net,481879013,Justin Jarvis,Turpis Egestas Foundation,Human Resources,9785 Dapibus Ave,827-04-0414,2010年08月06日
iaculis@estac.com,428655765,Hiroko Baldwin,Donec Foundation,Asset Management,Ap #306-681 Tortor Rd.,531-56-0187,2000年02月13日
sed.dolor.Fusce@aliquet.edu,320821556,Rinah Fletcher,Dictum Augue Industries,Tech Support,1175 Sed Rd.,796-48-0777,1997年03月11日
Aliquam@convallisconvallisdolor.ca,413229501,Inga Kirkland,Nonummy Ut Molestie Incorporated,Human Resources,"P.O. Box 431, 8679 Id St.",236-26-0519,2006年09月04日
a.arcu@consectetuer.edu,633930771,Garrison Wilson,Mi Lacinia Mattis Foundation,Legal Department,5784 Donec Av.,580-16-0020,2018年10月21日
feugiat@Sedegetlacus.co.uk,407097583,Lars Robertson,Eros Proin Ultrices Incorporated,Asset Management,Ap #744-3063 Dictum Road,238-79-0731,2007年05月17日
arcu.Vestibulum.ante@velmaurisInteger.org,298652561,Pamela Holland,Donec LLP,Advertising,Ap #309-8658 Eget Road,009-67-0610,2002年07月07日
orci.Donec.nibh@Pellentesqueultricies.co.uk,115507394,Cameron Jensen,Metus Institute,Sales and Marketing,788-3710 Dolor Street,742-20-0156,1998年12月18日
Etiam@sollicitudin.com,728249111,Fay Navarro,Orci Phasellus Consulting,Sales and Marketing,Ap #780-5471 Pede Rd.,242-19-0317,2004年11月01日
Aenean@egestaslacinia.com,622140226,Cade Suarez,Cursus Consulting,Research and Development,Ap #253-7199 Facilisi. Av.,008-95-0996,2017年07月30日
felis.Nulla.tempor@auctorquis.net,482739976,Jenna Woodard,Euismod Mauris Eu PC,Public Relations,"P.O. Box 513, 8551 Lacus. Rd.",514-83-0131,2000年05月21日
non@molestie.com,045019353,Sade Herring,Tristique Pellentesque Tellus Consulting,Finances,"P.O. Box 506, 5520 Dignissim. Avenue",313-42-0776,2008年06月27日
Suspendisse@commodotincidunt.edu,158733261,Sandra Santos,Molestie Tortor Nibh Inc.,Tech Support,3929 Nulla St.,096-67-0754,2004年11月30日
scelerisque.sed.sapien@duiFuscealiquam.org,531395739,Diana Stevenson,Est Ac PC,Quality Assurance,Ap #616-9616 Odio. Avenue,765-13-0192,2013年09月10日
tellus@euismod.co.uk,899680268,Graiden Lee,Etiam Vestibulum Limited,Public Relations,584-3887 Libero Street,814-80-0412,2016年12月12日
magnis.dis.parturient@pedeblanditcongue.net,216492330,Vladimir Mcmahon,Nam Porttitor Scelerisque Institute,Advertising,"Ap #330-8897 Non, Ave",159-29-0677,1996年06月15日
ipsum@imperdietornareIn.net,839618550,Lacy Anthony,Rhoncus Foundation,Research and Development,"P.O. Box 347, 9035 Facilisis Av.",469-81-0277,2005年03月15日
Maecenas.ornare.egestas@telluseu.co.uk,873151799,Kibo Lamb,Erat Company,Customer Relations,Ap #422-9500 Mauris. St.,356-18-0024,2004年02月05日
massa.non@famesac.com,633939624,Dorian Hale,Quisque LLP,Advertising,8407 Viverra. Av.,638-29-0717,2013年08月29日
sodales.purus.in@consequat.com,979798618,Vladimir Rivera,Nunc Laoreet Industries,Customer Service,"P.O. Box 229, 6002 Tellus Rd.",270-69-0067,2018年05月01日
amet.dapibus@ametconsectetueradipiscing.edu,933149825,Porter Figueroa,Fermentum Convallis Company,Accounting,6487 Facilisis. Av.,204-83-0599,2007年05月12日
faucibus.Morbi.vehicula@magna.co.uk,649247129,Renee Gross,Nec Associates,Finances,Ap #579-4124 Nulla Ave,716-08-0051,2013年06月04日
tortor@gravidamauris.com,455211342,Nerea Cobb,Sit Incorporated,Finances,"P.O. Box 841, 8445 Class Rd.",443-30-0631,1999年07月31日
nisl@consectetuercursus.com,045997491,Ezra Warner,Eleifend Incorporated,Legal Department,5701 Dolor St.,722-03-0581,2019年09月11日
enim.Suspendisse.aliquet@Cumsociisnatoque.com,496102633,Colin Brown,Blandit Foundation,Finances,"P.O. Box 695, 5734 Quam. St.",032-22-0824,1998年03月28日
scelerisque.neque.sed@enim.org,845160035,Vaughan Dudley,Quis Incorporated,Legal Department,Ap #177-3255 Vitae Rd.,215-85-0985,2002年11月09日
aliquet@mollis.com,293642625,Nola Whitfield,Commodo Hendrerit Donec Industries,Tech Support,"P.O. Box 939, 4427 Sociis Road",661-19-0966,1998年08月25日
volutpat@CurabiturmassaVestibulum.edu,369619374,Nicholas Hartman,Ultrices Posuere Cubilia Incorporated,Sales and Marketing,466-8073 Adipiscing Avenue,355-38-0265,2001年11月27日
Sed@musDonecdignissim.com,579254152,Sybill Dale,Sem Magna Nec Associates,Legal Department,8778 Arcu Rd.,344-73-0774,2016年03月18日
sed.hendrerit@facilisisvitae.ca,588969816,Shelley Mcintyre,Eget Venenatis A Industries,Asset Management,9990 Sem Street,624-92-0942,2000年02月18日
ac.sem.ut@aliquetmagna.com,919182600,Beatrice Pacheco,Gravida Molestie Arcu Institute,Tech Support,"P.O. Box 772, 1797 Ipsum Rd.",390-22-0654,2009年03月13日
Nunc.sed.orci@auctor.org,516292588,Keane Hays,Imperdiet Ullamcorper Duis Incorporated,Customer Relations,9680 Rutrum St.,482-01-0050,1996年08月11日
dictum@justonecante.com,704444884,Thomas Hernandez,Vitae Industries,Legal Department,4857 In Street,786-12-0710,2009年12月16日
enim@NullafacilisiSed.co.uk,091072611,Xavier Jenkins,Fusce PC,Finances,882-4714 Mauris St.,663-32-0945,2015年07月16日
velit.eu.sem@ipsumdolorsit.ca,961274263,Anjolie Stafford,Non Dui LLP,Asset Management,"P.O. Box 471, 1258 Nulla Avenue",182-44-0419,2010年06月15日
montes@pedeblanditcongue.ca,286655774,Christen Mitchell,Ultrices Incorporated,Finances,Ap #657-1236 Tempor Avenue,750-52-0256,2019年01月04日
at.augue.id@loremluctus.org,707464590,Aline Golden,Nec Tempus PC,Quality Assurance,6152 Nunc Avenue,343-75-0477,2016年07月04日
nonummy@porttitor.edu,746839828,Blossom Sherman,Pede Institute,Sales and Marketing,"P.O. Box 279, 527 Purus. St.",607-89-0937,2008年12月11日
neque.sed.dictum@tellussem.ca,818523706,Tatum Diaz,A Industries,Payroll,9502 Tincidunt. St.,227-48-0916,1997年09月09日
ac@infaucibusorci.edu,267301257,Ira Edwards,Egestas Aliquam Nec Corp.,Accounting,Ap #839-4164 Metus Road,531-91-0250,2012年09月26日
elit.a.feugiat@euismodac.com,132967571,Brennan Cervantes,Egestas Foundation,Legal Department,2098 Eleifend Ave,079-11-0032,2009年09月25日
Duis.cursus.diam@In.net,315664011,Cameron Todd,Libero At Auctor Corporation,Accounting,"P.O. Box 462, 7409 Elementum St.",803-32-0441,2001年04月17日
adipiscing@risus.edu,579709213,Xanthus Carver,At PC,Customer Service,7148 Hendrerit. Road,312-72-0381,2010年10月23日
aliquam.arcu.Aliquam@Seddiamlorem.co.uk,040879215,Jolie Reese,Morbi Corporation,Legal Department,"P.O. Box 790, 4299 Ornare Ave",558-66-0576,2014年05月30日
consequat.lectus.sit@milorem.net,425837572,Axel Hull,Mauris Ltd,Finances,372-4551 Velit St.,028-58-0523,2007年01月08日
consequat.dolor@Morbiquisurna.co.uk,502707763,Jarrod Woodard,Lobortis Incorporated,Finances,8077 Bibendum Rd.,713-38-0969,2007年10月11日
Proin.non.massa@venenatisa.edu,759366404,Ann Rasmussen,Sodales Purus LLP,Public Relations,"636-6691 Est, Rd.",775-42-0243,2007年05月03日
a.auctor@convallis.org,646552067,Jameson Kaufman,Lectus Rutrum PC,Tech Support,Ap #863-2344 Sed Rd.,366-42-0082,2017年06月16日
Integer.mollis.Integer@quis.co.uk,006343180,Stewart Beasley,Pulvinar Arcu Et Company,Customer Relations,"735-4281 Ac, Road",097-38-0489,1997年02月19日
non.leo.Vivamus@nonenim.ca,795271881,Jenna Barron,Vestibulum Ut Inc.,Legal Department,"P.O. Box 820, 145 Mauris. Rd.",891-72-0968,2011年06月03日
semper.erat.in@loremut.co.uk,743395246,Martina Franklin,Aliquet Inc.,Payroll,253-166 Integer Rd.,610-36-0227,2009年12月19日
dui.Fusce.diam@nisi.org,744992165,Wendy Hogan,In Consulting,Sales and Marketing,713-3845 Ante St.,179-33-0810,2018年01月18日
ac.turpis.egestas@nuncsed.com,185562121,Gannon Mann,Metus Associates,Sales and Marketing,800-2869 Penatibus Rd.,243-63-0770,2002年05月23日
per@a.com,401935234,Robert Miranda,Sociis LLC,Research and Development,"Ap #469-5908 Eleifend, Rd.",795-45-0648,2018年06月11日
nisl.elementum@dolortempusnon.org,823625405,Chantale Velez,Erat Associates,Legal Department,957-5494 Amet Street,113-85-0369,2014年06月10日
morbi.tristique.senectus@vitaeeratvel.net,582540399,Ralph Shelton,Aliquet Molestie Consulting,Media Relations,480-3647 Natoque St.,600-17-0094,1997年01月09日
sem.egestas@hendrerit.org,762063675,Jason Gray,Facilisis Vitae Orci Associates,Legal Department,8318 Sit Road,101-19-0843,1997年07月08日
auctor@mauris.net,370785446,Mollie Rios,Eros Turpis Non PC,Quality Assurance,9546 Ligula. Rd.,350-45-0312,2015年12月10日
montes.nascetur.ridiculus@ipsum.ca,760777193,Leo Oneill,Purus Incorporated,Customer Relations,Ap #895-9981 Vitae Av.,122-76-0967,2000年05月29日
aliquet.odio.Etiam@Maurisblanditenim.edu,365153550,Mohammad Sparks,Arcu Limited,Finances,7059 Aliquam Street,088-11-0139,2018年10月25日
luctus.vulputate@Vivamusrhoncus.com,227087152,Dante Graves,Nullam LLP,Tech Support,339-6112 Quam. Rd.,206-32-0947,2016年03月31日
Ut@liberoProinmi.co.uk,045938388,Tyler Robbins,Congue In Limited,Customer Relations,970-7241 Mauris Av.,597-63-0591,2015年04月30日
vestibulum@non.net,694303983,Alfreda Cote,Massa Mauris Limited,Accounting,"P.O. Box 142, 4567 Senectus Road",824-84-0041,2019年08月31日
nisi.magna.sed@accumsannequeet.co.uk,094664919,Tyler Pierce,Lorem Fringilla Incorporated,Payroll,8215 Ante. Ave,651-72-0864,2004年10月30日
egestas@laciniavitaesodales.org,622132058,Ella Meyers,Sem Vitae Consulting,Asset Management,"P.O. Box 966, 7412 Accumsan St.",279-42-0168,1995年11月28日
Suspendisse.eleifend@estconguea.net,908087158,Hedley Herring,Elit Pede Malesuada Associates,Finances,"P.O. Box 139, 8443 Vehicula Av.",633-70-0502,2019年07月18日
neque.In.ornare@volutpatNulla.co.uk,305498933,Hamish Carson,Vestibulum Consulting,Quality Assurance,9717 Aenean Street,726-04-0041,2012年09月24日
eu@PhasellusnullaInteger.ca,881983472,Rhoda Justice,Diam Proin Consulting,Advertising,Ap #849-6977 Id Rd.,006-99-0219,2007年04月09日
et.tristique.pellentesque@tristique.com,787904713,Sonya Donovan,Auctor Institute,Human Resources,Ap #433-4199 Nullam Road,332-96-0261,2019年05月30日
inceptos.hymenaeos.Mauris@etnunc.edu,587911454,Ori Watson,Bibendum Ullamcorper Duis Corporation,Customer Service,Ap #135-5433 Tellus. Avenue,467-03-0698,2013年05月16日
dolor.vitae@erategetipsum.ca,284150356,Imogene Webb,Lacus Corp.,Tech Support,Ap #645-487 Molestie Rd.,326-62-0635,2019年05月30日
dictum@sociisnatoquepenatibus.net,000450494,Amery Wallace,Neque Pellentesque LLP,Legal Department,"P.O. Box 984, 4541 Rhoncus. Road",244-84-0931,2000年06月06日
Donec.vitae.erat@Pellentesque.ca,958059552,Karly Avila,Massa Mauris Limited,Customer Relations,"P.O. Box 375, 4153 Sociis Road",819-81-0239,1997年05月01日
vehicula.Pellentesque.tincidunt@tellussem.org,630551273,Elaine Fulton,Sapien LLC,Legal Department,"P.O. Box 146, 994 Tempus St.",138-58-0472,2010年10月16日
et@erosnonenim.com,813783529,Quinn Browning,Vestibulum Mauris Inc.,Human Resources,Ap #890-2460 Ut Avenue,898-21-0504,2005年10月14日
Vestibulum.ante.ipsum@nonhendreritid.net,912331485,Yoko Camacho,Elit Aliquam Company,Research and Development,904-2665 Sem Road,817-23-0006,2012年03月09日
auctor.non.feugiat@egetipsumSuspendisse.edu,643067424,Talon Montgomery,Arcu Incorporated,Asset Management,Ap #443-3121 Leo. Av.,162-21-0520,1996年09月09日
vulputate@ipsum.net,756453981,Nathaniel Bryan,Sollicitudin Commodo Ipsum Industries,Quality Assurance,Ap #263-909 Purus. Av.,584-10-0626,2000年10月26日
tristique.pellentesque@Suspendisse.net,318348901,Murphy Pittman,Eu Erat Foundation,Human Resources,518-5015 Ac Av.,194-11-0777,2012年09月22日
justo.eu@luctus.ca,463833970,Velma Jimenez,Pretium Et Rutrum Institute,Tech Support,"P.O. Box 185, 9660 Scelerisque Avenue",110-27-0308,2016年10月07日
sed.consequat@ornarelibero.com,157255597,Destiny Osborn,Integer Vulputate Company,Tech Support,Ap #411-6254 Quam Rd.,595-35-0881,2007年11月14日
ac@Vestibulumut.org,703405241,Jaime Kline,Tristique Pellentesque Corporation,Finances,815-6838 Et Ave,013-84-0045,2010年09月03日
Proin.nisl.sem@feugiatLorem.edu,545913188,Ria West,Elit Pede Consulting,Research and Development,Ap #252-2748 Class Rd.,468-74-0579,2001年03月29日
tincidunt@aliquetlobortis.org,407355544,Juliet Carpenter,Curabitur Massa Vestibulum Ltd,Legal Department,763-8682 Eu Av.,830-21-0474,2009年01月19日
habitant@inmagna.net,784378614,Emma Marks,Sociis Natoque Penatibus Ltd,Accounting,9831 Diam. Av.,724-52-0263,2013年01月27日
turpis.vitae.purus@Crassedleo.com,691490619,Quin Callahan,Mollis Lectus Pede LLP,Payroll,255-6558 Feugiat St.,485-28-0174,2009年09月03日
ante@Suspendisse.com,115453417,Moses White,Morbi Vehicula Industries,Finances,"P.O. Box 467, 7393 Arcu. St.",478-24-0679,1996年06月10日
augue@etmagnis.co.uk,888105848,Duncan Soto,Non Limited,Research and Development,"Ap #886-2061 Ut, Street",690-40-0557,2014年04月09日
dictum.eleifend@Maecenasornare.net,376167037,Vladimir Garner,Sollicitudin Orci PC,Sales and Marketing,"P.O. Box 738, 1492 Nulla Av.",035-94-0795,2017年07月08日
rutrum@dictumeleifend.ca,100231257,Ashely Rivas,Fringilla Ornare Inc.,Research and Development,4627 In Rd.,288-77-0996,2012年04月29日
luctus.et@odiovel.edu,350874715,Zenia Soto,Curabitur LLP,Customer Relations,3059 Facilisis St.,522-53-0427,2016年05月19日
lectus.a.sollicitudin@semconsequatnec.ca,783761612,Amir Rodgers,Nullam Velit Dui PC,Quality Assurance,3078 Ligula Road,179-36-0702,1996年04月27日
Suspendisse.dui@arcu.ca,276733490,Nayda Gomez,Diam Vel Ltd,Customer Service,"5331 Posuere, Avenue",239-70-0439,1997年02月13日
accumsan@pretium.co.uk,258203330,Caesar Hull,Bibendum Donec Felis Industries,Customer Relations,8499 Est Road,591-56-0751,2014年11月14日
Phasellus@ipsum.net,019084276,Daphne Collins,Auctor Foundation,Tech Support,"P.O. Box 963, 8425 Et, Ave",454-04-0047,2014年03月08日
quam.elementum.at@metusInnec.ca,891686123,Demetrius Beasley,Adipiscing Elit Associates,Finances,729-9211 Dapibus Ave,619-47-0161,2008年03月12日
erat.Sed@Cumsociisnatoque.org,628900185,Alec Wolfe,Duis A Mi Foundation,Tech Support,Ap #354-3370 Lorem Ave,514-40-0429,2003年11月24日
hendrerit.Donec.porttitor@posuerecubilia.ca,608409934,Kevin Bolton,Est Vitae Associates,Legal Department,"Ap #779-7767 Nec, Avenue",422-99-0290,2020年08月16日
lorem.ut@Curabiturutodio.co.uk,617866413,Serina Hicks,Lacinia Associates,Media Relations,Ap #508-6650 Facilisis Rd.,074-57-0329,2008年02月05日
enim.consequat@scelerisqueneque.net,100668540,Xaviera Emerson,Et Corp.,Payroll,"P.O. Box 449, 2848 Odio. Street",550-49-0514,1997年03月20日
egestas@egestas.ca,839188075,Wyatt Cooke,Massa Corp.,Public Relations,"9256 Pede, Rd.",606-19-0651,2013年04月06日
sociis.natoque.penatibus@arcuAliquam.com,225216258,Yvonne Barton,Ante Iaculis Institute,Finances,Ap #907-329 Aliquam St.,288-83-0560,2001年03月23日
pede@Fusce.co.uk,898008578,Armand Bullock,Egestas Urna Justo Inc.,Payroll,2457 Torquent St.,045-78-0355,2011年06月03日
ac.eleifend.vitae@Sed.com,407902378,Gregory Snider,Lorem Fringilla Corporation,Accounting,3321 Nulla Street,439-62-0964,2004年10月04日
sit.amet@sagittisDuis.co.uk,334351871,Kelsey Pickett,Integer Id Magna Associates,Quality Assurance,Ap #633-3461 Ligula. Road,538-17-0521,2008年02月15日
massa@nislsemconsequat.co.uk,207829144,Olivia Cortez,Facilisi Sed Neque Foundation,Finances,Ap #901-8126 Justo. Rd.,511-78-0326,2012年07月31日
eros@gravidanonsollicitudin.com,489963215,Ryder Byers,Cras Lorem Lorem Incorporated,Accounting,3145 Est Street,856-94-0962,1999年04月08日
dolor.dolor.tempus@pellentesqueafacilisis.ca,294104633,Kay Massey,Neque Tellus Institute,Accounting,"P.O. Box 187, 4436 Ut Ave",209-86-0562,2020年04月08日
erat.eget@molestietellus.co.uk,181129172,Jelani Parker,Quis Pede Corp.,Finances,313-8933 Vestibulum Av.,597-58-0043,2006年02月03日
erat.Vivamus.nisi@egestasSedpharetra.co.uk,825229701,Uriel Willis,Ut Sem Associates,Quality Assurance,"3163 Enim, Rd.",503-45-0059,2012年03月25日
Cras.eu@primisin.com,203854799,Jonas Davidson,Dictum Incorporated,Research and Development,3223 Magna St.,212-81-0427,1997年01月25日
pharetra.nibh@lacus.com,949061915,Emma Howard,Bibendum Company,Sales and Marketing,"P.O. Box 121, 5251 Adipiscing St.",856-88-0463,2015年10月13日
morbi@ultriciesligulaNullam.edu,134447986,William Rice,Proin Vel Consulting,Accounting,348 Sem St.,828-84-0408,2000年08月27日
egestas@miloremvehicula.org,768615379,Kennan Zimmerman,Erat Eget Associates,Customer Service,8233 Non St.,509-41-0117,2001年04月08日
non.lobortis@atpretiumaliquet.com,981396369,Juliet Knapp,Ipsum Foundation,Tech Support,Ap #308-9882 Phasellus Rd.,224-15-0475,1997年11月13日
est.ac@tellus.co.uk,453510745,Skyler Leon,Dis PC,Human Resources,Ap #703-2410 Nulla Rd.,092-20-0775,2006年08月12日
libero.est.congue@aliquet.org,507743714,Jemima Chen,Morbi Associates,Media Relations,Ap #605-8689 Dolor. Road,649-65-0500,2010年07月26日
dui.nec@semPellentesque.com,348738543,Maia Browning,Vel Est Tempor Foundation,Customer Relations,"P.O. Box 437, 5429 Ullamcorper Street",588-62-0007,2018年10月17日
consectetuer@blandit.net,742421910,Christen Mills,Ac Facilisis Facilisis Inc.,Public Relations,"P.O. Box 242, 2453 Nunc Av.",506-61-0564,2017年02月10日
purus@malesuada.org,003397965,Alika Coleman,Ante Ipsum Corp.,Payroll,391-2419 Mauris. Av.,846-08-0061,1997年08月01日
a@ametante.net,515218907,Ivan Moss,Sapien Limited,Legal Department,1757 Ac Road,722-14-0839,2003年09月20日
sit@sodalesatvelit.net,086718368,Ori Dodson,In Hendrerit Consectetuer Foundation,Finances,2771 Duis Av.,784-22-0515,1999年05月21日
mauris.Morbi@estarcu.co.uk,424350817,Dai Ray,In Faucibus Orci LLP,Research and Development,"P.O. Box 300, 1391 Nunc St.",762-19-0345,2018年10月05日
cursus.et@Sed.co.uk,456342922,Wendy Washington,Odio Vel Est Associates,Finances,Ap #697-5979 Egestas. St.,822-07-0034,2008年12月21日
eu.metus@malesuadamalesuada.com,794238899,Jenna Frank,Lectus Corp.,Customer Service,"352-7800 Vulputate, Ave",518-60-0632,1998年02月24日
dolor.Nulla.semper@utsemNulla.co.uk,907402416,Anne Benjamin,At Velit Cras Corporation,Asset Management,272-4027 Dui Road,362-39-0930,2013年08月24日
eu.accumsan.sed@tellus.edu,473681617,Austin West,Scelerisque Lorem PC,Payroll,938-6740 Arcu. Road,283-76-0980,1995年11月18日
Nullam.scelerisque.neque@dapibus.net,550777304,Abraham Brady,Aenean Eget Industries,Asset Management,8981 Mauris Street,647-16-0015,2007年03月23日
libero.at.auctor@ridiculus.org,313819047,Gretchen Byers,Augue Eu Tempor Institute,Customer Service,228-449 Nibh Av.,042-94-0762,2018年03月18日
diam.vel.arcu@disparturient.net,971438312,Zeus Swanson,Sit Corporation,Media Relations,Ap #143-5410 Sagittis St.,384-98-0048,1999年08月30日
molestie.dapibus.ligula@tortorIntegeraliquam.net,183385319,Myra Workman,Arcu Aliquam Ultrices Associates,Customer Relations,8197 Tellus Street,264-07-0635,1998年07月28日
Sed@dignissim.edu,903912400,Clinton Huff,Bibendum Ullamcorper Duis Foundation,Accounting,"P.O. Box 918, 5196 Magna. Ave",348-31-0963,2011年06月17日
risus.Morbi@Vivamussitamet.org,860518901,April Ware,At LLP,Human Resources,7128 Semper. Ave,160-27-0231,2000年01月28日
a@anuncIn.ca,730051091,Kennan Lamb,Magna Nam Ligula Institute,Asset Management,"504-2473 Ut, Avenue",837-44-0015,1997年03月25日
interdum@infaucibus.co.uk,324598184,Yolanda Hays,At Arcu Incorporated,Customer Relations,Ap #886-2121 Eu Road,557-48-0634,2017年11月17日
iaculis@tristique.org,118201243,Arsenio Roberts,Eros Proin Corporation,Legal Department,730 Nulla Av.,316-58-0036,2007年07月06日
ac.eleifend.vitae@facilisismagnatellus.net,521587089,Jessamine Hall,Nunc Risus Varius LLP,Sales and Marketing,765-7929 Nonummy. St.,237-99-0751,2015年10月28日
iaculis@velit.ca,929853950,Francesca Pena,Pharetra Ut Ltd,Public Relations,Ap #205-6509 Etiam Street,370-88-0856,1997年12月03日
lorem.ac.risus@massa.org,941081705,Branden Terry,Ipsum Cursus Corp.,Payroll,Ap #122-8562 Faucibus Avenue,052-66-0119,2001年10月16日
Cras.vulputate.velit@feugiatnon.ca,249610130,Yvonne Hooper,A Enim Suspendisse Corporation,Public Relations,"P.O. Box 851, 4094 Quisque Avenue",879-22-0790,2003年08月08日
Sed@nascetur.org,702819715,Kiona Summers,Nulla LLC,Human Resources,Ap #800-3776 Fusce Avenue,797-13-0073,1999年03月22日
odio.Nam@metusVivamuseuismod.net,147972913,Ashely Adkins,Ac Ipsum Institute,Research and Development,Ap #487-9758 Sit Street,693-01-0507,2016年04月28日
dictum.augue.malesuada@eleifendnecmalesuada.co.uk,190288787,Fritz Fowler,Dictum LLP,Research and Development,"355-3032 Et, Street",050-12-0741,2020年01月16日
Morbi.neque@malesuadaiderat.net,493984579,Illana Hardin,Hymenaeos Industries,Public Relations,3377 Id Street,246-03-0818,2011年06月09日
et@imperdietnec.edu,044610939,Mohammad Wright,Metus Incorporated,Public Relations,796-9398 Mauris Rd.,606-47-0808,2016年07月28日
vitae@magnisdisparturient.com,560611071,Fay Humphrey,Consequat Purus Associates,Media Relations,1659 Magnis Ave,695-97-0718,1998年09月27日
vulputate@quam.org,481804540,Kellie Holt,Tristique Neque Associates,Sales and Marketing,382-1232 Tellus Av.,016-85-0363,2012年05月17日
penatibus@eteuismodet.org,401623715,Bryar Gonzalez,Libero Industries,Tech Support,"P.O. Box 333, 2997 Sociosqu Ave",198-91-0330,2019年10月18日
Sed.neque.Sed@vestibulummassa.co.uk,869418806,Joshua Walton,Semper Pretium Inc.,Research and Development,Ap #466-7264 Neque Ave,209-69-0862,2007年10月24日
Mauris@est.ca,263862765,Zenia Watkins,Neque Sed LLP,Finances,"P.O. Box 414, 1113 Velit Avenue",568-70-0899,2012年09月02日
urna.Vivamus.molestie@urna.net,479316531,Adam Roberson,Aenean Ltd,Public Relations,"P.O. Box 741, 4880 Auctor St.",121-20-0798,2000年04月18日
convallis.est@loremloremluctus.co.uk,133182022,Octavius Trevino,Vel Corporation,Advertising,Ap #430-6781 Velit St.,437-33-0175,1996年12月17日
turpis.egestas.Aliquam@vitaepurus.co.uk,046879185,Reece Morales,Ultrices Vivamus Rhoncus Corp.,Research and Development,"P.O. Box 245, 6518 Neque Avenue",005-31-0202,2012年10月31日
bibendum@sodales.net,146712229,Patricia Spence,Inceptos Hymenaeos Industries,Finances,"P.O. Box 161, 4450 Aliquam St.",761-75-0557,2008年02月05日
adipiscing@euplacerateget.com,415221522,Ferdinand Giles,Pede Cum LLP,Research and Development,930-9846 Massa. Ave,879-71-0924,2017年12月10日
Aenean@Morbi.com,284704467,Kay Williams,Laoreet Libero Et Consulting,Human Resources,986-2206 Arcu Rd.,624-28-0985,2013年05月27日
pulvinar.arcu.et@atpretiumaliquet.com,501234892,Fiona Smith,Urna Nullam LLP,Payroll,"P.O. Box 782, 2942 Magna Street",417-59-0349,2001年11月27日
Donec.nibh.enim@luctusvulputate.co.uk,372056549,Amelia Mcdonald,Ultrices Posuere Cubilia Incorporated,Asset Management,"P.O. Box 216, 4262 Eget Av.",219-60-0988,2007年04月21日
non.nisi@metusurna.org,447860875,Ivor Bowen,Penatibus Et Magnis Corporation,Payroll,"6946 Fringilla, Av.",351-95-0747,2018年01月14日
nunc.sed@erat.ca,011340460,Christopher Sweet,Magna Suspendisse PC,Advertising,"P.O. Box 117, 3210 Massa. Rd.",804-26-0770,2014年08月04日
interdum.libero.dui@quam.edu,450362835,Savannah Clay,Vulputate Consulting,Advertising,861-3095 Auctor Rd.,190-48-0034,1996年03月25日
hymenaeos.Mauris@penatibusetmagnis.org,388696981,Belle Sanders,Scelerisque Mollis Institute,Accounting,Ap #733-7680 Sed Rd.,742-78-0968,1999年05月01日
In.scelerisque@Nullamenim.org,430360081,Rebecca Pratt,Imperdiet Non Corporation,Tech Support,5001 Eget Avenue,775-44-0844,2018年11月05日
felis.Donec.tempor@purus.org,010757417,Ryder Reilly,Tincidunt Aliquam Arcu Corp.,Tech Support,"818-1940 Sem, Avenue",021-81-0658,2009年08月15日
convallis.dolor.Quisque@mattis.ca,007520018,Eden Cortez,Bibendum Fermentum Company,Asset Management,Ap #879-9947 In Ave,198-24-0119,1996年07月21日
magna.Nam@auctorvelitAliquam.co.uk,100926344,Thane Noel,Aliquam Iaculis Inc.,Customer Relations,374-3252 Vel Rd.,422-05-0343,2018年05月15日
lorem@utmolestiein.org,887612042,Phillip Warner,Risus Duis A Foundation,Asset Management,9437 Donec St.,505-53-0390,2017年05月14日
non.luctus.sit@odio.net,522940907,Kelly Summers,Amet Diam Foundation,Legal Department,345-8189 Fusce Rd.,739-30-0227,2018年11月03日
enim@ornaretortorat.com,277466652,Allegra Avila,Nunc Mauris Sapien Incorporated,Sales and Marketing,597 Cursus Street,219-79-0160,2009年11月27日
egestas.Duis.ac@felis.net,864442835,Haviva Beasley,Lacus Vestibulum Lorem Ltd,Research and Development,920-4461 Convallis Rd.,286-37-0739,2019年08月20日
ut.nisi@semvitae.com,863767745,Claudia Pickett,Cursus Luctus Limited,Research and Development,"P.O. Box 306, 3442 Est Street",859-16-0464,2010年11月24日
sit@tristique.net,849598073,Glenna Mullen,Curae Phasellus Consulting,Research and Development,"330-2970 A, St.",868-34-0035,2004年12月02日
sociosqu@Duisat.ca,023977184,Zephr Schmidt,Duis Sit Amet Foundation,Advertising,"Ap #301-3344 Auctor, Rd.",263-71-0824,1999年08月30日
sem.elit.pharetra@ametconsectetueradipiscing.co.uk,532110111,Ashton Deleon,Aliquet PC,Sales and Marketing,"Ap #845-3821 Leo, Rd.",708-72-0633,2008年02月24日
libero@in.org,678844267,Melissa Glass,Suspendisse Non LLP,Customer Relations,388-4412 Dolor St.,254-15-0405,2000年03月22日
quam.Curabitur.vel@sit.co.uk,584449664,Reed Mathis,Sed Nec LLP,Research and Development,8922 Libero Avenue,761-58-0429,2005年11月04日
risus@turpis.net,465331098,Nicholas Mcmahon,Convallis Ligula Donec Limited,Payroll,490 Ipsum Av.,727-32-0600,1997年12月28日
Sed@montes.co.uk,567287727,Andrew Mercer,Vestibulum Corp.,Quality Assurance,4154 Consectetuer Street,867-81-0679,1998年08月05日
Quisque@dictum.net,228911897,Russell Page,Posuere Enim Nisl PC,Sales and Marketing,Ap #138-8721 Elit. St.,136-20-0804,2011年12月23日
Nunc.sed.orci@egestaslaciniaSed.net,299717223,Nero Frye,Fringilla Corp.,Finances,"P.O. Box 122, 8157 Dictum Ave",229-56-0779,2015年08月31日
ante@mattis.net,774359038,Hiram Bryant,Purus Corp.,Research and Development,Ap #261-7958 Lorem St.,141-18-0133,2008年09月19日
Donec@ante.co.uk,454113697,Kirsten Owens,Egestas Corporation,Finances,"P.O. Box 270, 5988 Magna Av.",391-07-0934,2009年09月25日
Nunc.quis.arcu@malesuadavel.co.uk,913007365,Keiko Dunn,Est Ac LLC,Public Relations,5400 Auctor Street,203-46-0851,2010年05月18日
augue@rutrumeu.org,911094910,Chelsea Patel,Dui Nec Urna Industries,Quality Assurance,Ap #209-4740 Duis St.,292-74-0965,1998年08月18日
sit@senectus.co.uk,605538966,Shellie Park,Dui Augue Corp.,Advertising,"Ap #880-4916 Aliquam, Ave",592-10-0493,2020年10月21日
dui.lectus.rutrum@enimCurabiturmassa.com,060605672,Yeo Mendoza,Ipsum Ac Consulting,Human Resources,150-8422 Interdum Avenue,234-85-0708,2018年03月13日
sollicitudin.commodo@mi.edu,159039841,Mara Bruce,Interdum Inc.,Human Resources,"P.O. Box 929, 8596 Luctus Street",088-82-0669,2009年01月09日
Suspendisse@vehiculaaliquet.edu,684518715,Odette Noble,Lectus Nullam Suscipit PC,Customer Service,Ap #583-4643 Sapien Av.,389-60-0795,2010年07月31日
odio.sagittis.semper@sapienCras.edu,488161803,Nolan Baker,Tristique Pellentesque Consulting,Sales and Marketing,Ap #950-9170 Nascetur Rd.,374-80-0900,2002年09月26日
nisl.Quisque.fringilla@enimnon.ca,863797767,Victoria Hodges,Sem Pellentesque Ltd,Customer Service,Ap #729-8205 Purus Street,291-88-0865,2015年05月12日
fermentum@dolorvitaedolor.co.uk,433904505,Ori Mitchell,Varius Ultrices Mauris Industries,Tech Support,737-9391 Aliquam Av.,070-14-0305,2010年09月12日
eu.odio.tristique@ipsum.co.uk,502379175,Miranda Hodges,Eu Eros Incorporated,Finances,8803 Tincidunt St.,606-96-0240,1996年07月15日
tortor.Integer.aliquam@etultricesposuere.co.uk,017479585,Ignacia Gonzales,Et PC,Media Relations,"Ap #455-9848 Mi, Street",543-66-0417,2009年07月26日
lorem.vehicula.et@Nullamsuscipit.org,958542722,Dylan Wynn,Metus Sit Amet Institute,Finances,"2223 Ultrices, Rd.",281-38-0955,2007年08月20日
Aenean.euismod@eratinconsectetuer.net,955007414,Yasir Barr,Lobortis Risus Incorporated,Accounting,495-9545 Placerat St.,146-72-0451,2011年01月24日
et.libero@elitCurabitur.co.uk,366909760,Magee Avery,Non Dapibus Rutrum Corp.,Advertising,658-1873 Magnis Avenue,623-75-0647,2015年06月25日
egestas@Integerinmagna.edu,746803980,Dane Hansen,Gravida Molestie Arcu Corp.,Advertising,5083 Nunc St.,197-58-0174,1998年05月10日
et.rutrum.eu@fermentum.org,017006826,Casey Gates,Phasellus At LLP,Legal Department,Ap #351-1998 In Avenue,349-83-0183,2009年02月01日
enim.Mauris.quis@Sed.edu,493341796,Stephen Ballard,Nullam LLC,Asset Management,"P.O. Box 114, 5633 Dictum. Av.",297-60-0989,2003年04月04日
felis.Nulla.tempor@eget.co.uk,552807448,Regina Key,Metus Aliquam Company,Payroll,682-6415 Enim St.,587-80-0216,2000年10月12日
libero.et@magnisdis.com,910851641,Brandon Terry,Sed Orci Lobortis Incorporated,Media Relations,"P.O. Box 765, 5188 Tempus St.",790-74-0363,2015年08月27日
Nulla.aliquet@nectempusmauris.com,232565218,Victor Ortega,Congue A Industries,Tech Support,"P.O. Box 825, 3995 Sed Av.",291-81-0453,2018年06月18日
elementum@risusDonecegestas.com,365099613,Neil Finch,Nunc Limited,Media Relations,"P.O. Box 836, 3896 Velit. St.",233-29-0451,2018年04月02日
sed.consequat.auctor@sit.org,502878697,Hiram Ross,Convallis Company,Media Relations,400-7783 Mauris Street,403-57-0484,2012年10月20日
nec@Sed.edu,511531972,Samantha Beach,Nec Urna Incorporated,Media Relations,8669 Morbi St.,082-74-0936,2004年02月19日
magna.Lorem.ipsum@loremluctusut.net,240448399,Irma Rodriquez,Nec Tellus Ltd,Customer Relations,"P.O. Box 504, 5947 Cras Rd.",265-50-0319,2000年08月14日
Sed@tristiquenequevenenatis.net,274302165,Yoshio Smith,Ut LLC,Finances,4040 Dui Road,210-75-0769,2020年01月26日
ac@turpisegestasAliquam.edu,564078921,Ria Valenzuela,Quis LLC,Sales and Marketing,7235 Massa St.,305-90-0586,1996年09月03日
Nunc@euismod.org,147744882,Jorden Neal,Vel Incorporated,Public Relations,"P.O. Box 673, 3989 Ac Ave",412-62-0920,2011年06月24日
ridiculus.mus.Proin@semmollisdui.edu,240615385,Vladimir Salas,Faucibus Morbi Vehicula Corporation,Customer Service,"P.O. Box 285, 9080 Quis Street",355-16-0619,1996年09月12日
inceptos@at.edu,143668150,Darrel Dorsey,Velit Dui Consulting,Sales and Marketing,898-4523 Massa Rd.,645-04-0203,1998年06月01日
vehicula.Pellentesque@aliquetsemut.edu,975869298,Brian Clark,Netus Company,Finances,"P.O. Box 791, 6197 Diam St.",818-99-0776,2004年01月10日
Etiam.vestibulum.massa@dui.co.uk,774033609,Dexter Reid,Donec Foundation,Payroll,"P.O. Box 819, 6495 Ante St.",039-41-0752,2010年03月13日
Suspendisse.sagittis.Nullam@duinec.co.uk,597411784,Aline Flowers,Semper Associates,Media Relations,2753 Ac Rd.,003-90-0748,2004年12月05日
in.sodales.elit@aliquetdiam.edu,809830029,Ronan Lara,Sagittis Consulting,Legal Department,584-6602 Parturient Av.,828-33-0195,2017年02月23日
orci.in.consequat@urnaNunc.net,563627348,Zorita Bonner,Eu Augue PC,Finances,"P.O. Box 541, 2261 Velit St.",192-40-0197,2006年06月02日
urna.Nunc@ultriciesadipiscingenim.co.uk,465700961,Malik Rivera,Accumsan Neque Et Inc.,Human Resources,5558 Accumsan St.,148-72-0103,1998年03月21日
ultricies.sem@erat.org,214266579,Illana Christian,Lacus Industries,Sales and Marketing,4758 Donec Ave,028-56-0307,2012年09月12日
a.felis@Donecelementumlorem.edu,802886770,Jayme Lambert,Fringilla Corporation,Payroll,8384 Fusce Avenue,725-19-0369,2009年11月17日
Proin.vel@vel.co.uk,529082976,Branden Collins,Neque In Ornare Consulting,Research and Development,"2703 Nec, Road",866-23-0355,2018年08月27日
In.lorem@urna.ca,628075376,Hanna Bradford,Massa Lobortis Ultrices PC,Customer Relations,210-2035 Fusce Rd.,207-36-0403,2005年07月07日
elit.fermentum@tortorNunc.org,709100663,Kalia Hayden,Nisi Aenean Eget Limited,Public Relations,480 Scelerisque Avenue,348-41-0631,2000年04月22日
et@ut.com,475964755,Jolene Snyder,Urna Nunc Quis Ltd,Research and Development,Ap #699-9383 Gravida Ave,443-42-0737,2002年12月08日
vulputate.risus.a@lobortismauris.ca,861075703,Keegan Burch,Tristique Ac LLP,Media Relations,"P.O. Box 782, 603 Velit. Ave",694-10-0829,2004年11月21日
dapibus@egetmagna.net,382533602,Shannon Evans,Sit Amet Massa Limited,Quality Assurance,349-137 Nec St.,219-21-0144,2012年06月29日
natoque.penatibus.et@tincidunt.com,905675666,Sarah Page,Lobortis Ultrices Ltd,Payroll,"P.O. Box 546, 4625 Diam St.",840-59-0448,1996年07月13日
risus.Quisque.libero@nonlacinia.ca,142476647,Shea Hendrix,Luctus Foundation,Public Relations,776-7533 Ac Ave,280-50-0903,1995年12月12日