101_Cras@atauctorullamcorper.com                    ,051187367,Macy Williams   ,Risus LLC          ,Customer Service,"146-6651 Elit, Rd." ,447-66-0476,1999年03月04日
101_nec.tellus@consequat.ca                         ,443295688,Vivien Campos   ,Consequat Company  ,Tech Support    ,"452-4453 Orci, St." ,776-80-0344,2015年07月18日
101_Nunc.pulvinar.arcu@rhoncusid.com                ,609188172,Courtney Bullock,Sagittis Augue Inc.,Asset Management,4312 A Rd.           ,464-89-0673,2002年04月28日
101_eros@liberoProin.ca                             ,511839912,Chadwick Burgess,Montes Institute   ,Finances        ,4340 Ridiculus Avenue,433-50-0780,2020年06月22日
101_dictum.eleifend.nunc@dignissimlacusAliquam.co.uk,543658827,Donovan Walker  ,Nec Metus Institute,Accounting      ,431-8095 Morbi Rd.   ,146-99-0290,2007年08月17日
102_ac.facilisis.facilisis@sit.edu,067794123,Micah Collier,Integer Foundation,Sales and Marketing,449-3399 In Ave,151-98-0306,2004年04月16日
102_pede@eteuismodet.com,206590978,Chiquita Cardenas,Nulla Tempor Augue LLP,Legal Department,Ap #638-6779 Ac Street,837-98-0729,2010年10月07日
102_ac.urna@a.org,051793198,Lee William,Quam Pellentesque LLC,Public Relations,894-4077 Nunc. Rd.,614-01-0444,2017年03月20日
102_eu.dolor.egestas@pretiumneque.net,783516453,Chancellor Ayala,Interdum Curabitur Dictum Consulting,Customer Relations,7210 Litora Street,885-15-0336,2011年12月11日
102_magna.Cras@quamquisdiam.co.uk,728368721,Shelley Price,Enim Ltd,Finances,356-5095 Quisque Rd.,096-99-0526,2020年01月30日
