quinten.bayer@hotmail.com,zewapuje,伊藤 大翔,NIEYAKASEYU,NOYOFURAKONU,よゃよな鵜日保個らへあさ二ひせらすち列いんやき,089-877-4715,2016年08月05日
scot83@yahoo.com,furafake,鈴木 大和,NIEYAKASEYU,ANU,ねけち派都リアロャ露巣知き,084-925-7938,2015年08月19日
keira.senger@gmail.com,lelojiya,山田 杏,MĪNAOHACHINEMOINA,ANU,差れけッマキムおと夜離た手氏氏樹都,149-242-5195,2018年03月01日
henderson.klein25@hotmail.com,rexacigu,中村 翼,MĪNAOHACHINEMOINA,SOHIMOKANKA,離離区差知夜鵜み等巣ちはしけろいへ,208-870-9211,2014年08月14日
hortense.collier93@hotmail.com,qatudalo,木村 美羽,MĪNAOHACHINEMOINA,ANU,おろおスエケキとっゆな,577-074-0071,2014年06月06日
emelie2@gmail.com,xonasunu,田中 陸斗,MĪNAOHACHINEMOINA,ANU,よもぬ列尾御他目雲くれる夜魔ュシ,263-430-7689,2011年02月14日
daisha96@hotmail.com,mozopifo,田中 結衣,NIEYAKASEYU,FU,やかほうにらツネッ根津日ね,281-969-4139,2015年06月28日
osbaldo_waelchi47@gmail.com,yirunihe,伊藤 大和,NIEYAKASEYU,HINĪSHIRAAYUHEMEMOSO,日よるょ個遊素津ほと,961-776-0970,2017年12月04日
lula_kirlin15@yahoo.com,lacicezu,井上 陽菜,NIEYAKASEYU,ANU,もま列個ょちとゃ根等魔露魔手ろさろきえに,802-757-6096,2003年12月21日
henderson38@yahoo.com,meguveve,渡辺 結愛,NIEYAKASEYU,HINĪSHIRAAYUHEMEMOSO,シーみおゃねたゅこみそ舳他模とせめゅらて留露野雲ふぬち,142-252-9703,2016年05月12日
